<?xml version="1.0" standalone="yes"?>
<db xmlns="http://tempuri.org/db.xsd">
  <Tools>
    <ID>-1</ID>
    <Name>Excal32</Name>
    <File>C:\Users\marti\Downloads\C64DebugGUI\C64DebugGUI\SupportApps\excal32.exe</File>
    <Maximised>false</Maximised>
    <ToolsWindow>true</ToolsWindow>
    <Fix>false</Fix>
  </Tools>
  <Tools>
    <ID>-2</ID>
    <Name>BinCalc</Name>
    <File>C:\Users\marti\Downloads\C64DebugGUI\C64DebugGUI\SupportApps\BinCalc.exe</File>
    <Maximised>false</Maximised>
    <ToolsWindow>true</ToolsWindow>
    <Fix>false</Fix>
  </Tools>
</db>